group,run,label,metric,mean,std_over_seeds,seed_means
ladder,2026-08-16_16-51-37,69-dim (full observation),survival_rate,0.9968,0.0005111012519999382,0.996571;0.996571;0.997714;0.996571;0.996571
ladder,2026-08-16_16-51-37,69-dim (full observation),gait_contact_accuracy,0.9444817600000001,0.00025522113149031644,0.944077;0.944749;0.944525;0.944626;0.944431
ladder,2026-08-16_16-51-37,69-dim (full observation),mean_vx_error,0.1963022857142857,0.00040559395398625543,0.196965;0.196296;0.196108;0.195878;0.196264
ladder,2026-08-16_16-51-37,69-dim (full observation),mean_vy_error,0.21085069714285715,0.00027588318853146137,0.210825;0.210935;0.210532;0.210697;0.211265
ladder,2026-08-16_16-51-37,69-dim (full observation),mean_wz_error,0.08698950857142858,0.000524235300962753,0.087075;0.087065;0.086115;0.087165;0.087529
ladder,2026-08-16_16-51-37,69-dim (full observation),mean_torque_norm,23.875493211428573,0.006991605963118241,23.872135;23.870155;23.878826;23.886246;23.870105
ladder,2026-08-16_16-51-37,69-dim (full observation),std_height,0.01846137142857143,4.46542819666741e-05,0.018510;0.018485;0.018477;0.018440;0.018395
ladder,2026-08-16_16-51-37,69-dim (full observation),mean_abs_pitch,0.02769577142857143,0.0003132708289083081,0.028143;0.027870;0.027350;0.027610;0.027506
ladder,2026-08-16_22-05-59,68-dim (− base height),survival_rate,1.0,0.0,1.000000;1.000000;1.000000;1.000000;1.000000
ladder,2026-08-16_22-05-59,68-dim (− base height),gait_contact_accuracy,0.9404940342857143,0.00021461859706015503,0.940835;0.940340;0.940295;0.940452;0.940548
ladder,2026-08-16_22-05-59,68-dim (− base height),mean_vx_error,0.20388507428571429,0.0006295839149463639,0.203956;0.203700;0.202971;0.204700;0.204100
ladder,2026-08-16_22-05-59,68-dim (− base height),mean_vy_error,0.2093833828571429,0.0005083380112821452,0.209602;0.209773;0.209192;0.209771;0.208579
ladder,2026-08-16_22-05-59,68-dim (− base height),mean_wz_error,0.09257407999999999,0.0001909798305409999,0.092375;0.092756;0.092592;0.092383;0.092764
ladder,2026-08-16_22-05-59,68-dim (− base height),mean_torque_norm,24.012144251428573,0.005131198002075463,24.014666;24.018524;24.008152;24.005800;24.013580
ladder,2026-08-16_22-05-59,68-dim (− base height),std_height,0.015171519999999999,4.7235296384058034e-05,0.015155;0.015194;0.015107;0.015234;0.015167
ladder,2026-08-16_22-05-59,68-dim (− base height),mean_abs_pitch,0.06962580571428573,0.00024138632800334604,0.070014;0.069562;0.069382;0.069497;0.069673
ladder,2026-08-17_09-10-28,56-dim (− joint torques),survival_rate,0.9981714285714286,0.0015333037559998725,0.998857;1.000000;0.996571;0.996571;0.998857
ladder,2026-08-17_09-10-28,56-dim (− joint torques),gait_contact_accuracy,0.9416944402566507,0.0004946702632588051,0.942033;0.942281;0.941431;0.941023;0.941704
ladder,2026-08-17_09-10-28,56-dim (− joint torques),mean_vx_error,0.19746686949856862,0.000592362720339814,0.196936;0.197867;0.197486;0.198214;0.196831
ladder,2026-08-17_09-10-28,56-dim (− joint torques),mean_vy_error,0.20841340601869746,0.00038665627785684233,0.208199;0.208370;0.208528;0.208998;0.207972
ladder,2026-08-17_09-10-28,56-dim (− joint torques),mean_wz_error,0.08480842045479837,0.0003632399977332426,0.084463;0.084634;0.084625;0.085381;0.084939
ladder,2026-08-17_09-10-28,56-dim (− joint torques),mean_torque_norm,23.90268027002299,0.003208028605588325,23.906669;23.901494;23.903426;23.903821;23.897991
ladder,2026-08-17_09-10-28,56-dim (− joint torques),std_height,0.0171042263836309,6.243226388737356e-05,0.017039;0.017208;0.017090;0.017098;0.017086
ladder,2026-08-17_09-10-28,56-dim (− joint torques),mean_abs_pitch,0.04612104875093955,0.0005658278670686636,0.045627;0.045480;0.046468;0.046827;0.046203
ladder,2026-08-17_20-51-38,53-dim (− base lin. vel.),survival_rate,0.9977142857142857,0.00228571428571428,1.000000;0.998857;0.994286;0.998857;0.996571
ladder,2026-08-17_20-51-38,53-dim (− base lin. vel.),gait_contact_accuracy,0.9413540520312285,0.00026912951460166017,0.941179;0.941436;0.940977;0.941591;0.941587
ladder,2026-08-17_20-51-38,53-dim (− base lin. vel.),mean_vx_error,0.1718662057634449,0.0002913400280963763,0.171564;0.172207;0.172144;0.171661;0.171755
ladder,2026-08-17_20-51-38,53-dim (− base lin. vel.),mean_vy_error,0.21453018102567042,0.00039215257855428504,0.214479;0.214568;0.215148;0.214378;0.214077
ladder,2026-08-17_20-51-38,53-dim (− base lin. vel.),mean_wz_error,0.09217187809149349,0.0003744280010047009,0.091753;0.091968;0.092276;0.092116;0.092746
ladder,2026-08-17_20-51-38,53-dim (− base lin. vel.),mean_torque_norm,23.087664004998754,0.014168150999238134,23.089420;23.086736;23.106307;23.066486;23.089372
ladder,2026-08-17_20-51-38,53-dim (− base lin. vel.),std_height,0.01677268099590078,8.00631181138588e-05,0.016880;0.016811;0.016679;0.016783;0.016711
ladder,2026-08-17_20-51-38,53-dim (− base lin. vel.),mean_abs_pitch,0.03421000979948751,0.00013823701716706333,0.034222;0.034440;0.034135;0.034170;0.034082
raibert,2026-09-02_14-22-00,planner on measured $v_B$,survival_rate,0.9981714285714286,0.0010222025039999321,0.997714;0.998857;0.996571;0.998857;0.998857
raibert,2026-09-02_14-22-00,planner on measured $v_B$,gait_contact_accuracy,0.9372335470340276,0.00018071801597931812,0.937114;0.937383;0.937386;0.936978;0.937307
raibert,2026-09-02_14-22-00,planner on measured $v_B$,mean_vx_error,0.20178487203270387,0.0003745263210276409,0.202089;0.201792;0.201918;0.201143;0.201984
raibert,2026-09-02_14-22-00,planner on measured $v_B$,mean_vy_error,0.21363642127982443,0.00013218285222405842,0.213622;0.213753;0.213434;0.213615;0.213759
raibert,2026-09-02_14-22-00,planner on measured $v_B$,mean_wz_error,0.09239305083144136,0.0003219983408459938,0.092739;0.092241;0.092208;0.092733;0.092043
raibert,2026-09-02_14-22-00,planner on measured $v_B$,mean_torque_norm,22.711225244348853,0.004930160574882753,22.706152;22.708813;22.719289;22.710452;22.711420
raibert,2026-09-02_14-22-00,planner on measured $v_B$,std_height,0.017336230218636388,8.828852896603712e-05,0.017233;0.017376;0.017249;0.017408;0.017415
raibert,2026-09-02_14-22-00,planner on measured $v_B$,mean_abs_pitch,0.08313289796530772,0.00018806416324798107,0.083150;0.083084;0.083447;0.082991;0.082992
raibert,2026-08-17_20-51-38,planner on commanded $v_{cmd}$,survival_rate,0.9977142857142857,0.00228571428571428,1.000000;0.998857;0.994286;0.998857;0.996571
raibert,2026-08-17_20-51-38,planner on commanded $v_{cmd}$,gait_contact_accuracy,0.9413540520312285,0.00026912951460166017,0.941179;0.941436;0.940977;0.941591;0.941587
raibert,2026-08-17_20-51-38,planner on commanded $v_{cmd}$,mean_vx_error,0.1718662057634449,0.0002913400280963763,0.171564;0.172207;0.172144;0.171661;0.171755
raibert,2026-08-17_20-51-38,planner on commanded $v_{cmd}$,mean_vy_error,0.21453018102567042,0.00039215257855428504,0.214479;0.214568;0.215148;0.214378;0.214077
raibert,2026-08-17_20-51-38,planner on commanded $v_{cmd}$,mean_wz_error,0.09217187809149349,0.0003744280010047009,0.091753;0.091968;0.092276;0.092116;0.092746
raibert,2026-08-17_20-51-38,planner on commanded $v_{cmd}$,mean_torque_norm,23.087664004998754,0.014168150999238134,23.089420;23.086736;23.106307;23.066486;23.089372
raibert,2026-08-17_20-51-38,planner on commanded $v_{cmd}$,std_height,0.01677268099590078,8.00631181138588e-05,0.016880;0.016811;0.016679;0.016783;0.016711
raibert,2026-08-17_20-51-38,planner on commanded $v_{cmd}$,mean_abs_pitch,0.03421000979948751,0.00013823701716706333,0.034222;0.034440;0.034135;0.034170;0.034082
